{"loss": [0.1604229360818863, 0.06389076262712479, 0.04769274964928627, 0.03985128179192543, 0.030902931466698647, 0.02934696525335312, 0.0226987786591053, 0.02199096977710724, 0.019986776635050774, 0.019735706970095634, 0.014919862151145935, 0.015190945006906986, 0.012432713061571121, 0.016534531489014626, 0.011684504337608814, 0.01136663556098938, 0.009214397519826889, 0.011837012134492397, 0.011881953105330467, 0.00958233792334795, 0.007888584397733212, 0.010032066144049168, 0.007318431511521339, 0.011753774248063564, 0.007493262179195881], "accuracy": [0.9500370621681213, 0.9803518652915955, 0.9853333234786987, 0.9868703484535217, 0.9902036786079407, 0.99014812707901, 0.9927407503128052, 0.9926111102104187, 0.993759274482727, 0.992981493473053, 0.9947592616081238, 0.9954444169998169, 0.9959629774093628, 0.99485182762146, 0.9961481690406799, 0.996055543422699, 0.9969629645347595, 0.996222198009491, 0.9963703751564026, 0.9969629645347595, 0.9972777962684631, 0.9968888759613037, 0.9980000257492065, 0.9963703751564026, 0.9976296424865723], "val_loss": [0.10061540454626083, 0.07013783603906631, 0.09766240417957306, 0.05172006040811539, 0.05872798338532448, 0.06315445154905319, 0.057053834199905396, 0.057801779359579086, 0.07108628004789352, 0.07993176579475403, 0.057557977735996246, 0.05809513479471207, 0.09852517396211624, 0.057454779744148254, 0.08951281756162643, 0.06716486811637878, 0.06582116335630417, 0.0898667573928833, 0.06947338581085205, 0.082269586622715, 0.07416525483131409, 0.07081412523984909, 0.0948266088962555, 0.07877759635448456, 0.07722622156143188], "val_accuracy": [0.9679999947547913, 0.9789999723434448, 0.9711666703224182, 0.9853333234786987, 0.9826666712760925, 0.9819999933242798, 0.9829999804496765, 0.9853333234786987, 0.9810000061988831, 0.9789999723434448, 0.9848333597183228, 0.98416668176651, 0.9816666841506958, 0.9868333339691162, 0.9798333048820496, 0.9861666560173035, 0.9866666793823242, 0.984000027179718, 0.987333357334137, 0.9863333106040955, 0.9863333106040955, 0.9884999990463257, 0.9831666946411133, 0.9860000014305115, 0.9869999885559082]}